rawfile,server.cfg
rawfile,configs/openwarfare.cfg
rawfile,configs/server/advancedacp.cfg
rawfile,configs/server/advancedmvs.cfg
rawfile,configs/server/idlemonitor.cfg
rawfile,configs/server/mapcontrol.cfg
rawfile,configs/server/match.cfg
rawfile,configs/server/messages.cfg
rawfile,configs/server/others.cfg
rawfile,configs/server/overtime.cfg
rawfile,configs/server/rank.cfg
rawfile,configs/server/reservedslots.cfg
rawfile,configs/server/scorebot.cfg
rawfile,configs/server/sponsors.cfg
rawfile,configs/server/teams.cfg
rawfile,configs/server/voting.cfg
rawfile,configs/gameplay/classes.cfg
rawfile,configs/gameplay/fitnesscs.cfg
rawfile,configs/gameplay/hardpoints.cfg
rawfile,configs/gameplay/healthsystem.cfg
rawfile,configs/gameplay/hud.cfg
rawfile,configs/gameplay/others.cfg
rawfile,configs/gameplay/perks.cfg
rawfile,configs/gameplay/scores.cfg
rawfile,configs/gameplay/sounds.cfg
rawfile,configs/gameplay/spectate.cfg
rawfile,configs/gameplay/visuals.cfg
rawfile,configs/gameplay/wdm.cfg
rawfile,configs/gameplay/weapons.cfg
rawfile,configs/gameplay/wlm.cfg
rawfile,configs/gameplay/wrm.cfg
rawfile,configs/gameplay/wwm.cfg
rawfile,configs/gametypes/assassination.cfg
rawfile,configs/gametypes/behindenemylines.cfg
rawfile,configs/gametypes/captureandhold.cfg
rawfile,configs/gametypes/capturetheflag.cfg
rawfile,configs/gametypes/domination.cfg
rawfile,configs/gametypes/freeforall.cfg
rawfile,configs/gametypes/freezetag.cfg
rawfile,configs/gametypes/greed.cfg
rawfile,configs/gametypes/gungame.cfg
rawfile,configs/gametypes/headquarters.cfg
rawfile,configs/gametypes/hideandseek.cfg
rawfile,configs/gametypes/lastmanstanding.cfg
rawfile,configs/gametypes/lastteamstanding.cfg
rawfile,configs/gametypes/oneinthechamber.cfg
rawfile,configs/gametypes/retrieval.cfg
rawfile,configs/gametypes/sabotage.cfg
rawfile,configs/gametypes/searchanddestroy.cfg
rawfile,configs/gametypes/searchandrescue.cfg
rawfile,configs/gametypes/sharpshooter.cfg
rawfile,configs/gametypes/teamdeathmatch.cfg
rawfile,configs/gametypes/teamgreed.cfg
rawfile,configs/gametypes/visualguide.cfg
rawfile,configs/mover/mover.cfg
rawfile,configs/mover/assassination.cfg
rawfile,configs/mover/behindenemylines.cfg
rawfile,configs/mover/captureandhold.cfg
rawfile,configs/mover/capturetheflag.cfg
rawfile,configs/mover/domination.cfg
rawfile,configs/mover/freeforall.cfg
rawfile,configs/mover/freezetag.cfg
rawfile,configs/mover/gungame.cfg
rawfile,configs/mover/headquarters.cfg
rawfile,configs/mover/hideandseek.cfg
rawfile,configs/mover/lastmanstanding.cfg
rawfile,configs/mover/lastteamstanding.cfg
rawfile,configs/mover/oneinthechamber.cfg
rawfile,configs/mover/retrieval.cfg
rawfile,configs/mover/sabotage.cfg
rawfile,configs/mover/searchanddestroy.cfg
rawfile,configs/mover/sharpshooter.cfg
rawfile,configs/mover/teamdeathmatch.cfg
rawfile,maps/mp/mp_lake_fx.gsc
rawfile,maps/createfx/mp_lake_fx.gsc
rawfile,vision/mp_lake.vision
rawfile,maps/mp/mp_lake_fx.gsc
rawfile,maps/createfx/mp_lake_fx.gsc
